"State","State.Abbreviation","Policy","Date","Group"
"Washington","WA","state_of_emergency",2020-02-29,"Lockdown"
"California","CA","state_of_emergency",2020-03-04,"Lockdown"
"Hawaii","HI","state_of_emergency",2020-03-04,"Lockdown"
"Maryland","MD","state_of_emergency",2020-03-05,"Lockdown"
"Indiana","IN","state_of_emergency",2020-03-06,"Lockdown"
"Kentucky","KY","state_of_emergency",2020-03-06,"Lockdown"
"Pennsylvania","PA","state_of_emergency",2020-03-06,"Lockdown"
"Utah","UT","state_of_emergency",2020-03-06,"Lockdown"
"New York","NY","state_of_emergency",2020-03-07,"Lockdown"
"Oregon","OR","state_of_emergency",2020-03-08,"Lockdown"
"Florida","FL","state_of_emergency",2020-03-09,"Lockdown"
"Illinois","IL","state_of_emergency",2020-03-09,"Lockdown"
"Iowa","IA","state_of_emergency",2020-03-09,"Lockdown"
"New Jersey","NJ","state_of_emergency",2020-03-09,"Lockdown"
"Ohio","OH","state_of_emergency",2020-03-09,"Lockdown"
"Rhode Island","RI","state_of_emergency",2020-03-09,"Lockdown"
"Connecticut","CT","state_of_emergency",2020-03-10,"Lockdown"
"Massachusetts","MA","state_of_emergency",2020-03-10,"Lockdown"
"Michigan","MI","state_of_emergency",2020-03-10,"Lockdown"
"North Carolina","NC","state_of_emergency",2020-03-10,"Lockdown"
"Alaska","AK","state_of_emergency",2020-03-11,"Lockdown"
"Arizona","AZ","state_of_emergency",2020-03-11,"Lockdown"
"Arkansas","AR","state_of_emergency",2020-03-11,"Lockdown"
"Colorado","CO","state_of_emergency",2020-03-11,"Lockdown"
"District of Columbia","DC","state_of_emergency",2020-03-11,"Lockdown"
"Louisiana","LA","state_of_emergency",2020-03-11,"Lockdown"
"New Mexico","NM","state_of_emergency",2020-03-11,"Lockdown"
"Kansas","KS","state_of_emergency",2020-03-12,"Lockdown"
"Montana","MT","state_of_emergency",2020-03-12,"Lockdown"
"Nevada","NV","state_of_emergency",2020-03-12,"Lockdown"
"Tennessee","TN","state_of_emergency",2020-03-12,"Lockdown"
"Virginia","VA","state_of_emergency",2020-03-12,"Lockdown"
"Wisconsin","WI","state_of_emergency",2020-03-12,"Lockdown"
"Alabama","AL","state_of_emergency",2020-03-13,"Lockdown"
"Delaware","DE","state_of_emergency",2020-03-13,"Lockdown"
"Idaho","ID","state_of_emergency",2020-03-13,"Lockdown"
"Minnesota","MN","state_of_emergency",2020-03-13,"Lockdown"
"Missouri","MO","state_of_emergency",2020-03-13,"Lockdown"
"Nebraska","NE","state_of_emergency",2020-03-13,"Lockdown"
"New Hampshire","NH","state_of_emergency",2020-03-13,"Lockdown"
"North Dakota","ND","state_of_emergency",2020-03-13,"Lockdown"
"South Carolina","SC","state_of_emergency",2020-03-13,"Lockdown"
"South Dakota","SD","state_of_emergency",2020-03-13,"Lockdown"
"Texas","TX","state_of_emergency",2020-03-13,"Lockdown"
"Vermont","VT","state_of_emergency",2020-03-13,"Lockdown"
"Wyoming","WY","state_of_emergency",2020-03-13,"Lockdown"
"Massachusetts","MA","closing_casinos",2020-03-14,"Lockdown"
"Georgia","GA","state_of_emergency",2020-03-14,"Lockdown"
"Mississippi","MS","state_of_emergency",2020-03-14,"Lockdown"
"Ohio","OH","closing_bars",2020-03-15,"Lockdown"
"Maine","ME","state_of_emergency",2020-03-15,"Lockdown"
"Oklahoma","OK","state_of_emergency",2020-03-15,"Lockdown"
"Alaska","AK","closing_schools",2020-03-16,"Lockdown"
"Arizona","AZ","closing_schools",2020-03-16,"Lockdown"
"Delaware","DE","closing_schools",2020-03-16,"Lockdown"
"District of Columbia","DC","closing_schools",2020-03-16,"Lockdown"
"Hawaii","HI","closing_schools",2020-03-16,"Lockdown"
"Louisiana","LA","closing_schools",2020-03-16,"Lockdown"
"Maryland","MD","closing_schools",2020-03-16,"Lockdown"
"Michigan","MI","closing_schools",2020-03-16,"Lockdown"
"Montana","MT","closing_schools",2020-03-16,"Lockdown"
"Nevada","NV","closing_schools",2020-03-16,"Lockdown"
"New Hampshire","NH","closing_schools",2020-03-16,"Lockdown"
"New Mexico","NM","closing_schools",2020-03-16,"Lockdown"
"North Carolina","NC","closing_schools",2020-03-16,"Lockdown"
"North Dakota","ND","closing_schools",2020-03-16,"Lockdown"
"Oregon","OR","closing_schools",2020-03-16,"Lockdown"
"Pennsylvania","PA","closing_schools",2020-03-16,"Lockdown"
"South Carolina","SC","closing_schools",2020-03-16,"Lockdown"
"South Dakota","SD","closing_schools",2020-03-16,"Lockdown"
"Utah","UT","closing_schools",2020-03-16,"Lockdown"
"Virginia","VA","closing_schools",2020-03-16,"Lockdown"
"West Virginia","WV","closing_schools",2020-03-16,"Lockdown"
"California","CA","closing_restaurants",2020-03-16,"Lockdown"
"Connecticut","CT","closing_restaurants",2020-03-16,"Lockdown"
"Delaware","DE","closing_restaurants",2020-03-16,"Lockdown"
"District of Columbia","DC","closing_restaurants",2020-03-16,"Lockdown"
"Illinois","IL","closing_restaurants",2020-03-16,"Lockdown"
"Indiana","IN","closing_restaurants",2020-03-16,"Lockdown"
"Kentucky","KY","closing_restaurants",2020-03-16,"Lockdown"
"Maryland","MD","closing_restaurants",2020-03-16,"Lockdown"
"Michigan","MI","closing_restaurants",2020-03-16,"Lockdown"
"New Hampshire","NH","closing_restaurants",2020-03-16,"Lockdown"
"New Jersey","NJ","closing_restaurants",2020-03-16,"Lockdown"
"Ohio","OH","closing_restaurants",2020-03-16,"Lockdown"
"Washington","WA","closing_restaurants",2020-03-16,"Lockdown"
"Connecticut","CT","closing_movietheaters",2020-03-16,"Lockdown"
"Maryland","MD","closing_movietheaters",2020-03-16,"Lockdown"
"Michigan","MI","closing_movietheaters",2020-03-16,"Lockdown"
"New Jersey","NJ","closing_movietheaters",2020-03-16,"Lockdown"
"New York","NY","closing_movietheaters",2020-03-16,"Lockdown"
"Washington","WA","closing_movietheaters",2020-03-16,"Lockdown"
"Connecticut","CT","closing_gyms",2020-03-16,"Lockdown"
"Maryland","MD","closing_gyms",2020-03-16,"Lockdown"
"Michigan","MI","closing_gyms",2020-03-16,"Lockdown"
"New Jersey","NJ","closing_gyms",2020-03-16,"Lockdown"
"New York","NY","closing_gyms",2020-03-16,"Lockdown"
"Washington","WA","closing_gyms",2020-03-16,"Lockdown"
"Delaware","DE","closing_casinos",2020-03-16,"Lockdown"
"Illinois","IL","closing_casinos",2020-03-16,"Lockdown"
"Indiana","IN","closing_casinos",2020-03-16,"Lockdown"
"Iowa","IA","closing_casinos",2020-03-16,"Lockdown"
"Maryland","MD","closing_casinos",2020-03-16,"Lockdown"
"Michigan","MI","closing_casinos",2020-03-16,"Lockdown"
"Mississippi","MS","closing_casinos",2020-03-16,"Lockdown"
"New Jersey","NJ","closing_casinos",2020-03-16,"Lockdown"
"New Mexico","NM","closing_casinos",2020-03-16,"Lockdown"
"New York","NY","closing_casinos",2020-03-16,"Lockdown"
"California","CA","closing_bars",2020-03-16,"Lockdown"
"Connecticut","CT","closing_bars",2020-03-16,"Lockdown"
"Delaware","DE","closing_bars",2020-03-16,"Lockdown"
"District of Columbia","DC","closing_bars",2020-03-16,"Lockdown"
"Illinois","IL","closing_bars",2020-03-16,"Lockdown"
"Indiana","IN","closing_bars",2020-03-16,"Lockdown"
"Kentucky","KY","closing_bars",2020-03-16,"Lockdown"
"Maryland","MD","closing_bars",2020-03-16,"Lockdown"
"Michigan","MI","closing_bars",2020-03-16,"Lockdown"
"New Hampshire","NH","closing_bars",2020-03-16,"Lockdown"
"New Jersey","NJ","closing_bars",2020-03-16,"Lockdown"
"New York","NY","closing_bars",2020-03-16,"Lockdown"
"West Virginia","WV","state_of_emergency",2020-03-16,"Lockdown"
"Arkansas","AR","closing_schools",2020-03-17,"Lockdown"
"Connecticut","CT","closing_schools",2020-03-17,"Lockdown"
"Florida","FL","closing_schools",2020-03-17,"Lockdown"
"Illinois","IL","closing_schools",2020-03-17,"Lockdown"
"Kentucky","KY","closing_schools",2020-03-17,"Lockdown"
"Massachusetts","MA","closing_schools",2020-03-17,"Lockdown"
"Ohio","OH","closing_schools",2020-03-17,"Lockdown"
"Oklahoma","OK","closing_schools",2020-03-17,"Lockdown"
"Washington","WA","closing_schools",2020-03-17,"Lockdown"
"Colorado","CO","closing_restaurants",2020-03-17,"Lockdown"
"Hawaii","HI","closing_restaurants",2020-03-17,"Lockdown"
"Iowa","IA","closing_restaurants",2020-03-17,"Lockdown"
"Louisiana","LA","closing_restaurants",2020-03-17,"Lockdown"
"Massachusetts","MA","closing_restaurants",2020-03-17,"Lockdown"
"Minnesota","MN","closing_restaurants",2020-03-17,"Lockdown"
"New York","NY","closing_restaurants",2020-03-17,"Lockdown"
"Colorado","CO","closing_movietheaters",2020-03-17,"Lockdown"
"District of Columbia","DC","closing_movietheaters",2020-03-17,"Lockdown"
"Hawaii","HI","closing_movietheaters",2020-03-17,"Lockdown"
"Iowa","IA","closing_movietheaters",2020-03-17,"Lockdown"
"Louisiana","LA","closing_movietheaters",2020-03-17,"Lockdown"
"Minnesota","MN","closing_movietheaters",2020-03-17,"Lockdown"
"Ohio","OH","closing_movietheaters",2020-03-17,"Lockdown"
"Colorado","CO","closing_gyms",2020-03-17,"Lockdown"
"District of Columbia","DC","closing_gyms",2020-03-17,"Lockdown"
"Iowa","IA","closing_gyms",2020-03-17,"Lockdown"
"Louisiana","LA","closing_gyms",2020-03-17,"Lockdown"
"Minnesota","MN","closing_gyms",2020-03-17,"Lockdown"
"Ohio","OH","closing_gyms",2020-03-17,"Lockdown"
"Arkansas","AR","closing_casinos",2020-03-17,"Lockdown"
"Colorado","CO","closing_casinos",2020-03-17,"Lockdown"
"Louisiana","LA","closing_casinos",2020-03-17,"Lockdown"
"Missouri","MO","closing_casinos",2020-03-17,"Lockdown"
"Nevada","NV","closing_casinos",2020-03-17,"Lockdown"
"Pennsylvania","PA","closing_casinos",2020-03-17,"Lockdown"
"Colorado","CO","closing_bars",2020-03-17,"Lockdown"
"Florida","FL","closing_bars",2020-03-17,"Lockdown"
"Hawaii","HI","closing_bars",2020-03-17,"Lockdown"
"Iowa","IA","closing_bars",2020-03-17,"Lockdown"
"Louisiana","LA","closing_bars",2020-03-17,"Lockdown"
"Massachusetts","MA","closing_bars",2020-03-17,"Lockdown"
"Minnesota","MN","closing_bars",2020-03-17,"Lockdown"
"North Carolina","NC","closing_bars",2020-03-17,"Lockdown"
"Oregon","OR","closing_bars",2020-03-17,"Lockdown"
"Rhode Island","RI","closing_bars",2020-03-17,"Lockdown"
"Vermont","VT","closing_bars",2020-03-17,"Lockdown"
"Washington","WA","closing_bars",2020-03-17,"Lockdown"
"Wisconsin","WI","closing_bars",2020-03-17,"Lockdown"
"Georgia","GA","closing_schools",2020-03-18,"Lockdown"
"Kansas","KS","closing_schools",2020-03-18,"Lockdown"
"Minnesota","MN","closing_schools",2020-03-18,"Lockdown"
"New Jersey","NJ","closing_schools",2020-03-18,"Lockdown"
"New York","NY","closing_schools",2020-03-18,"Lockdown"
"Vermont","VT","closing_schools",2020-03-18,"Lockdown"
"Wisconsin","WI","closing_schools",2020-03-18,"Lockdown"
"Alaska","AK","closing_restaurants",2020-03-18,"Lockdown"
"Maine","ME","closing_restaurants",2020-03-18,"Lockdown"
"North Carolina","NC","closing_restaurants",2020-03-18,"Lockdown"
"Oregon","OR","closing_restaurants",2020-03-18,"Lockdown"
"Pennsylvania","PA","closing_restaurants",2020-03-18,"Lockdown"
"Rhode Island","RI","closing_restaurants",2020-03-18,"Lockdown"
"Vermont","VT","closing_restaurants",2020-03-18,"Lockdown"
"Wisconsin","WI","closing_restaurants",2020-03-18,"Lockdown"
"Alaska","AK","closing_movietheaters",2020-03-18,"Lockdown"
"Kentucky","KY","closing_movietheaters",2020-03-18,"Lockdown"
"Alaska","AK","closing_gyms",2020-03-18,"Lockdown"
"Kentucky","KY","closing_gyms",2020-03-18,"Lockdown"
"West Virginia","WV","closing_casinos",2020-03-18,"Lockdown"
"Alaska","AK","closing_bars",2020-03-18,"Lockdown"
"Maine","ME","closing_bars",2020-03-18,"Lockdown"
"Pennsylvania","PA","closing_bars",2020-03-18,"Lockdown"
"South Carolina","SC","closing_bars",2020-03-18,"Lockdown"
"West Virginia","WV","closing_bars",2020-03-18,"Lockdown"
"Wyoming","WY","closing_schools",2020-03-19,"Lockdown"
"Alabama","AL","closing_restaurants",2020-03-19,"Lockdown"
"South Carolina","SC","closing_restaurants",2020-03-19,"Lockdown"
"West Virginia","WV","closing_restaurants",2020-03-19,"Lockdown"
"Wyoming","WY","closing_restaurants",2020-03-19,"Lockdown"
"California","CA","closing_nebusinesses",2020-03-19,"Lockdown"
"Colorado","CO","closing_nebusinesses",2020-03-19,"Lockdown"
"Wyoming","WY","closing_nebusinesses",2020-03-19,"Lockdown"
"California","CA","closing_movietheaters",2020-03-19,"Lockdown"
"Delaware","DE","closing_movietheaters",2020-03-19,"Lockdown"
"New Mexico","NM","closing_movietheaters",2020-03-19,"Lockdown"
"Wyoming","WY","closing_movietheaters",2020-03-19,"Lockdown"
"California","CA","closing_gyms",2020-03-19,"Lockdown"
"Delaware","DE","closing_gyms",2020-03-19,"Lockdown"
"New Mexico","NM","closing_gyms",2020-03-19,"Lockdown"
"West Virginia","WV","closing_gyms",2020-03-19,"Lockdown"
"Wyoming","WY","closing_gyms",2020-03-19,"Lockdown"
"Alabama","AL","closing_bars",2020-03-19,"Lockdown"
"New Mexico","NM","closing_bars",2020-03-19,"Lockdown"
"Utah","UT","closing_bars",2020-03-19,"Lockdown"
"Wyoming","WY","closing_bars",2020-03-19,"Lockdown"
"California","CA","shelter_in_place_order",2020-03-19,"Lockdown"
"Alabama","AL","closing_schools",2020-03-20,"Lockdown"
"Indiana","IN","closing_schools",2020-03-20,"Lockdown"
"Mississippi","MS","closing_schools",2020-03-20,"Lockdown"
"Tennessee","TN","closing_schools",2020-03-20,"Lockdown"
"Arkansas","AR","closing_restaurants",2020-03-20,"Lockdown"
"Montana","MT","closing_restaurants",2020-03-20,"Lockdown"
"New Mexico","NM","closing_restaurants",2020-03-20,"Lockdown"
"Utah","UT","closing_restaurants",2020-03-20,"Lockdown"
"North Dakota","ND","closing_nebusinesses",2020-03-20,"Lockdown"
"Arkansas","AR","closing_movietheaters",2020-03-20,"Lockdown"
"Montana","MT","closing_movietheaters",2020-03-20,"Lockdown"
"North Dakota","ND","closing_movietheaters",2020-03-20,"Lockdown"
"Arkansas","AR","closing_gyms",2020-03-20,"Lockdown"
"Montana","MT","closing_gyms",2020-03-20,"Lockdown"
"North Dakota","ND","closing_gyms",2020-03-20,"Lockdown"
"Montana","MT","closing_casinos",2020-03-20,"Lockdown"
"Arkansas","AR","closing_bars",2020-03-20,"Lockdown"
"Montana","MT","closing_bars",2020-03-20,"Lockdown"
"North Dakota","ND","closing_bars",2020-03-20,"Lockdown"
"Texas","TX","closing_schools",2020-03-21,"Lockdown"
"Arizona","AZ","closing_restaurants",2020-03-21,"Lockdown"
"Nevada","NV","closing_restaurants",2020-03-21,"Lockdown"
"North Dakota","ND","closing_restaurants",2020-03-21,"Lockdown"
"Texas","TX","closing_restaurants",2020-03-21,"Lockdown"
"Illinois","IL","closing_nebusinesses",2020-03-21,"Lockdown"
"Nevada","NV","closing_nebusinesses",2020-03-21,"Lockdown"
"New Jersey","NJ","closing_nebusinesses",2020-03-21,"Lockdown"
"Pennsylvania","PA","closing_nebusinesses",2020-03-21,"Lockdown"
"Arizona","AZ","closing_movietheaters",2020-03-21,"Lockdown"
"Illinois","IL","closing_movietheaters",2020-03-21,"Lockdown"
"Nevada","NV","closing_movietheaters",2020-03-21,"Lockdown"
"Pennsylvania","PA","closing_movietheaters",2020-03-21,"Lockdown"
"Arizona","AZ","closing_gyms",2020-03-21,"Lockdown"
"Illinois","IL","closing_gyms",2020-03-21,"Lockdown"
"Nevada","NV","closing_gyms",2020-03-21,"Lockdown"
"Pennsylvania","PA","closing_gyms",2020-03-21,"Lockdown"
"Texas","TX","closing_gyms",2020-03-21,"Lockdown"
"Arizona","AZ","closing_bars",2020-03-21,"Lockdown"
"Nevada","NV","closing_bars",2020-03-21,"Lockdown"
"Texas","TX","closing_bars",2020-03-21,"Lockdown"
"Illinois","IL","shelter_in_place_order",2020-03-21,"Lockdown"
"New Jersey","NJ","shelter_in_place_order",2020-03-21,"Lockdown"
"New York","NY","closing_nebusinesses",2020-03-22,"Lockdown"
"Rhode Island","RI","closing_casinos",2020-03-22,"Lockdown"
"New York","NY","shelter_in_place_order",2020-03-22,"Lockdown"
"California","CA","closing_schools",2020-03-23,"Lockdown"
"Colorado","CO","closing_schools",2020-03-23,"Lockdown"
"Missouri","MO","closing_schools",2020-03-23,"Lockdown"
"Missouri","MO","closing_restaurants",2020-03-23,"Lockdown"
"Connecticut","CT","closing_nebusinesses",2020-03-23,"Lockdown"
"Louisiana","LA","closing_nebusinesses",2020-03-23,"Lockdown"
"Maryland","MD","closing_nebusinesses",2020-03-23,"Lockdown"
"Oregon","OR","closing_nebusinesses",2020-03-23,"Lockdown"
"Rhode Island","RI","closing_movietheaters",2020-03-23,"Lockdown"
"Tennessee","TN","closing_movietheaters",2020-03-23,"Lockdown"
"Rhode Island","RI","closing_gyms",2020-03-23,"Lockdown"
"Tennessee","TN","closing_gyms",2020-03-23,"Lockdown"
"Vermont","VT","closing_gyms",2020-03-23,"Lockdown"
"Missouri","MO","closing_bars",2020-03-23,"Lockdown"
"Tennessee","TN","closing_bars",2020-03-23,"Lockdown"
"Louisiana","LA","shelter_in_place_order",2020-03-23,"Lockdown"
"Oregon","OR","shelter_in_place_order",2020-03-23,"Lockdown"
"Washington","WA","shelter_in_place_order",2020-03-23,"Lockdown"
"Idaho","ID","closing_schools",2020-03-24,"Lockdown"
"Tennessee","TN","closing_restaurants",2020-03-24,"Lockdown"
"Alaska","AK","closing_nebusinesses",2020-03-24,"Lockdown"
"Delaware","DE","closing_nebusinesses",2020-03-24,"Lockdown"
"Massachusetts","MA","closing_nebusinesses",2020-03-24,"Lockdown"
"Michigan","MI","closing_nebusinesses",2020-03-24,"Lockdown"
"New Mexico","NM","closing_nebusinesses",2020-03-24,"Lockdown"
"Ohio","OH","closing_nebusinesses",2020-03-24,"Lockdown"
"West Virginia","WV","closing_nebusinesses",2020-03-24,"Lockdown"
"Massachusetts","MA","closing_movietheaters",2020-03-24,"Lockdown"
"Oregon","OR","closing_movietheaters",2020-03-24,"Lockdown"
"West Virginia","WV","closing_movietheaters",2020-03-24,"Lockdown"
"Massachusetts","MA","closing_gyms",2020-03-24,"Lockdown"
"Oregon","OR","closing_gyms",2020-03-24,"Lockdown"
"Georgia","GA","closing_bars",2020-03-24,"Lockdown"
"Delaware","DE","shelter_in_place_order",2020-03-24,"Lockdown"
"Massachusetts","MA","shelter_in_place_order",2020-03-24,"Lockdown"
"Michigan","MI","shelter_in_place_order",2020-03-24,"Lockdown"
"New Mexico","NM","shelter_in_place_order",2020-03-24,"Lockdown"
"Ohio","OH","shelter_in_place_order",2020-03-24,"Lockdown"
"Vermont","VT","shelter_in_place_order",2020-03-24,"Lockdown"
"West Virginia","WV","shelter_in_place_order",2020-03-24,"Lockdown"
"Idaho","ID","closing_restaurants",2020-03-25,"Lockdown"
"District of Columbia","DC","closing_nebusinesses",2020-03-25,"Lockdown"
"Hawaii","HI","closing_nebusinesses",2020-03-25,"Lockdown"
"Idaho","ID","closing_nebusinesses",2020-03-25,"Lockdown"
"Indiana","IN","closing_nebusinesses",2020-03-25,"Lockdown"
"Maine","ME","closing_nebusinesses",2020-03-25,"Lockdown"
"Vermont","VT","closing_nebusinesses",2020-03-25,"Lockdown"
"Virginia","VA","closing_nebusinesses",2020-03-25,"Lockdown"
"Washington","WA","closing_nebusinesses",2020-03-25,"Lockdown"
"Wisconsin","WI","closing_nebusinesses",2020-03-25,"Lockdown"
"Idaho","ID","closing_movietheaters",2020-03-25,"Lockdown"
"Indiana","IN","closing_movietheaters",2020-03-25,"Lockdown"
"Maine","ME","closing_movietheaters",2020-03-25,"Lockdown"
"North Carolina","NC","closing_movietheaters",2020-03-25,"Lockdown"
"Vermont","VT","closing_movietheaters",2020-03-25,"Lockdown"
"Virginia","VA","closing_movietheaters",2020-03-25,"Lockdown"
"Wisconsin","WI","closing_movietheaters",2020-03-25,"Lockdown"
"Hawaii","HI","closing_gyms",2020-03-25,"Lockdown"
"Idaho","ID","closing_gyms",2020-03-25,"Lockdown"
"Indiana","IN","closing_gyms",2020-03-25,"Lockdown"
"Maine","ME","closing_gyms",2020-03-25,"Lockdown"
"North Carolina","NC","closing_gyms",2020-03-25,"Lockdown"
"Virginia","VA","closing_gyms",2020-03-25,"Lockdown"
"Wisconsin","WI","closing_gyms",2020-03-25,"Lockdown"
"Idaho","ID","closing_bars",2020-03-25,"Lockdown"
"Virginia","VA","closing_bars",2020-03-25,"Lockdown"
"Hawaii","HI","shelter_in_place_order",2020-03-25,"Lockdown"
"Idaho","ID","shelter_in_place_order",2020-03-25,"Lockdown"
"Indiana","IN","shelter_in_place_order",2020-03-25,"Lockdown"
"Wisconsin","WI","shelter_in_place_order",2020-03-25,"Lockdown"
"Virginia","VA","closing_restaurants",2020-03-26,"Lockdown"
"Iowa","IA","closing_nebusinesses",2020-03-26,"Lockdown"
"Kentucky","KY","closing_nebusinesses",2020-03-26,"Lockdown"
"Colorado","CO","shelter_in_place_order",2020-03-26,"Lockdown"
"Utah","UT","closing_nebusinesses",2020-03-27,"Lockdown"
"Utah","UT","closing_movietheaters",2020-03-27,"Lockdown"
"Utah","UT","closing_gyms",2020-03-27,"Lockdown"
"Alabama","AL","closing_nebusinesses",2020-03-28,"Lockdown"
"Minnesota","MN","closing_nebusinesses",2020-03-28,"Lockdown"
"Montana","MT","closing_nebusinesses",2020-03-28,"Lockdown"
"New Hampshire","NH","closing_nebusinesses",2020-03-28,"Lockdown"
"Alabama","AL","closing_movietheaters",2020-03-28,"Lockdown"
"New Hampshire","NH","closing_movietheaters",2020-03-28,"Lockdown"
"Alabama","AL","closing_gyms",2020-03-28,"Lockdown"
"New Hampshire","NH","closing_gyms",2020-03-28,"Lockdown"
"Alabama","AL","closing_casinos",2020-03-28,"Lockdown"
"Alaska","AK","shelter_in_place_order",2020-03-28,"Lockdown"
"Minnesota","MN","shelter_in_place_order",2020-03-28,"Lockdown"
"Montana","MT","shelter_in_place_order",2020-03-28,"Lockdown"
"New Hampshire","NH","shelter_in_place_order",2020-03-28,"Lockdown"
"Rhode Island","RI","shelter_in_place_order",2020-03-28,"Lockdown"
"Kansas","KS","closing_restaurants",2020-03-30,"Lockdown"
"Kansas","KS","closing_nebusinesses",2020-03-30,"Lockdown"
"North Carolina","NC","closing_nebusinesses",2020-03-30,"Lockdown"
"Rhode Island","RI","closing_nebusinesses",2020-03-30,"Lockdown"
"Kansas","KS","closing_movietheaters",2020-03-30,"Lockdown"
"Kansas","KS","closing_gyms",2020-03-30,"Lockdown"
"Kansas","KS","closing_bars",2020-03-30,"Lockdown"
"Kansas","KS","shelter_in_place_order",2020-03-30,"Lockdown"
"Maryland","MD","shelter_in_place_order",2020-03-30,"Lockdown"
"North Carolina","NC","shelter_in_place_order",2020-03-30,"Lockdown"
"Virginia","VA","shelter_in_place_order",2020-03-30,"Lockdown"
"Arizona","AZ","closing_nebusinesses",2020-03-31,"Lockdown"
"Arizona","AZ","shelter_in_place_order",2020-03-31,"Lockdown"
"Nevada","NV","shelter_in_place_order",2020-03-31,"Lockdown"
"Oklahoma","OK","closing_restaurants",2020-04-01,"Lockdown"
"Oklahoma","OK","closing_nebusinesses",2020-04-01,"Lockdown"
"South Carolina","SC","closing_nebusinesses",2020-04-01,"Lockdown"
"Tennessee","TN","closing_nebusinesses",2020-04-01,"Lockdown"
"Oklahoma","OK","closing_movietheaters",2020-04-01,"Lockdown"
"South Carolina","SC","closing_movietheaters",2020-04-01,"Lockdown"
"Oklahoma","OK","closing_gyms",2020-04-01,"Lockdown"
"South Carolina","SC","closing_gyms",2020-04-01,"Lockdown"
"South Carolina","SC","closing_casinos",2020-04-01,"Lockdown"
"Oklahoma","OK","closing_bars",2020-04-01,"Lockdown"
"District of Columbia","DC","shelter_in_place_order",2020-04-01,"Lockdown"
"Pennsylvania","PA","shelter_in_place_order",2020-04-01,"Lockdown"
"Iowa","IA","closing_schools",2020-04-02,"Lockdown"
"Maine","ME","closing_schools",2020-04-02,"Lockdown"
"Texas","TX","closing_nebusinesses",2020-04-02,"Lockdown"
"Texas","TX","closing_movietheaters",2020-04-02,"Lockdown"
"Maine","ME","shelter_in_place_order",2020-04-02,"Lockdown"
"Tennessee","TN","shelter_in_place_order",2020-04-02,"Lockdown"
"Nebraska","NE","closing_schools",2020-04-03,"Lockdown"
"Florida","FL","closing_restaurants",2020-04-03,"Lockdown"
"Georgia","GA","closing_restaurants",2020-04-03,"Lockdown"
"Mississippi","MS","closing_restaurants",2020-04-03,"Lockdown"
"Nebraska","NE","closing_restaurants",2020-04-03,"Lockdown"
"Florida","FL","closing_nebusinesses",2020-04-03,"Lockdown"
"Georgia","GA","closing_nebusinesses",2020-04-03,"Lockdown"
"Mississippi","MS","closing_nebusinesses",2020-04-03,"Lockdown"
"Missouri","MO","closing_nebusinesses",2020-04-03,"Lockdown"
"Florida","FL","closing_movietheaters",2020-04-03,"Lockdown"
"Georgia","GA","closing_movietheaters",2020-04-03,"Lockdown"
"Mississippi","MS","closing_movietheaters",2020-04-03,"Lockdown"
"Missouri","MO","closing_movietheaters",2020-04-03,"Lockdown"
"Florida","FL","closing_gyms",2020-04-03,"Lockdown"
"Georgia","GA","closing_gyms",2020-04-03,"Lockdown"
"Mississippi","MS","closing_gyms",2020-04-03,"Lockdown"
"Missouri","MO","closing_gyms",2020-04-03,"Lockdown"
"Nebraska","NE","closing_gyms",2020-04-03,"Lockdown"
"Mississippi","MS","closing_bars",2020-04-03,"Lockdown"
"Nebraska","NE","closing_bars",2020-04-03,"Lockdown"
"Florida","FL","shelter_in_place_order",2020-04-03,"Lockdown"
"Georgia","GA","shelter_in_place_order",2020-04-03,"Lockdown"
"Mississippi","MS","shelter_in_place_order",2020-04-03,"Lockdown"
"Alabama","AL","shelter_in_place_order",2020-04-04,"Lockdown"
"Arkansas","AR","closing_nebusinesses",2020-04-06,"Lockdown"
"Missouri","MO","shelter_in_place_order",2020-04-06,"Lockdown"
"South Carolina","SC","shelter_in_place_order",2020-04-07,"Lockdown"
"Nebraska","NE","closing_nebusinesses",2020-04-09,"Lockdown"
"Nebraska","NE","closing_movietheaters",2020-04-09,"Lockdown"
"South Carolina","SC","reopening_business",2020-04-20,"Reopening"
"South Carolina","SC","reopening_neretail",2020-04-20,"Reopening"
"Georgia","GA","reopening_neretail",2020-04-23,"Reopening"
"Alaska","AK","reopening_business",2020-04-24,"Reopening"
"Oklahoma","OK","reopening_business",2020-04-24,"Reopening"
"Alaska","AK","reopening_restaurants",2020-04-24,"Reopening"
"Georgia","GA","reopening_gyms",2020-04-24,"Reopening"
"Alaska","AK","reopening_hairsalons",2020-04-24,"Reopening"
"Georgia","GA","reopening_hairsalons",2020-04-24,"Reopening"
"Oklahoma","OK","reopening_hairsalons",2020-04-24,"Reopening"
"Alaska","AK","reopening_neretail",2020-04-24,"Reopening"
"Oklahoma","OK","reopening_neretail",2020-04-24,"Reopening"
"Minnesota","MN","reopening_business",2020-04-27,"Reopening"
"Mississippi","MS","reopening_business",2020-04-27,"Reopening"
"Montana","MT","reopening_business",2020-04-27,"Reopening"
"Tennessee","TN","reopening_business",2020-04-27,"Reopening"
"Vermont","VT","reopening_business",2020-04-27,"Reopening"
"Georgia","GA","reopening_restaurants",2020-04-27,"Reopening"
"Tennessee","TN","reopening_restaurants",2020-04-27,"Reopening"
"Georgia","GA","reopening_movietheaters",2020-04-27,"Reopening"
"Montana","MT","reopening_hairsalons",2020-04-27,"Reopening"
"Mississippi","MS","reopening_neretail",2020-04-27,"Reopening"
"Montana","MT","reopening_neretail",2020-04-27,"Reopening"
"Tennessee","TN","reopening_neretail",2020-04-27,"Reopening"
"Vermont","VT","reopening_neretail",2020-04-27,"Reopening"
"Alabama","AL","reopening_business",2020-04-30,"Reopening"
"Alabama","AL","reopening_neretail",2020-04-30,"Reopening"
"Colorado","CO","reopening_business",2020-05-01,"Reopening"
"Georgia","GA","reopening_business",2020-05-01,"Reopening"
"Idaho","ID","reopening_business",2020-05-01,"Reopening"
"Louisiana","LA","reopening_business",2020-05-01,"Reopening"
"Maine","ME","reopening_business",2020-05-01,"Reopening"
"North Dakota","ND","reopening_business",2020-05-01,"Reopening"
"Texas","TX","reopening_business",2020-05-01,"Reopening"
"Utah","UT","reopening_business",2020-05-01,"Reopening"
"Wyoming","WY","reopening_business",2020-05-01,"Reopening"
"Louisiana","LA","reopening_restaurants",2020-05-01,"Reopening"
"North Dakota","ND","reopening_restaurants",2020-05-01,"Reopening"
"Oklahoma","OK","reopening_restaurants",2020-05-01,"Reopening"
"Texas","TX","reopening_restaurants",2020-05-01,"Reopening"
"Utah","UT","reopening_restaurants",2020-05-01,"Reopening"
"North Dakota","ND","reopening_gyms",2020-05-01,"Reopening"
"Oklahoma","OK","reopening_gyms",2020-05-01,"Reopening"
"Tennessee","TN","reopening_gyms",2020-05-01,"Reopening"
"Utah","UT","reopening_gyms",2020-05-01,"Reopening"
"Wyoming","WY","reopening_gyms",2020-05-01,"Reopening"
"North Dakota","ND","reopening_movietheaters",2020-05-01,"Reopening"
"Oklahoma","OK","reopening_movietheaters",2020-05-01,"Reopening"
"Texas","TX","reopening_movietheaters",2020-05-01,"Reopening"
"Utah","UT","reopening_movietheaters",2020-05-01,"Reopening"
"Colorado","CO","reopening_hairsalons",2020-05-01,"Reopening"
"North Dakota","ND","reopening_hairsalons",2020-05-01,"Reopening"
"Utah","UT","reopening_hairsalons",2020-05-01,"Reopening"
"Wyoming","WY","reopening_hairsalons",2020-05-01,"Reopening"
"Colorado","CO","reopening_neretail",2020-05-01,"Reopening"
"Idaho","ID","reopening_neretail",2020-05-01,"Reopening"
"North Dakota","ND","reopening_neretail",2020-05-01,"Reopening"
"Texas","TX","reopening_neretail",2020-05-01,"Reopening"
"Utah","UT","reopening_neretail",2020-05-01,"Reopening"
"North Dakota","ND","reopening_bars",2020-05-01,"Reopening"
"Utah","UT","reopening_bars",2020-05-01,"Reopening"
"Kansas","KS","closing_casinos",2020-05-04,"Lockdown"
"Arkansas","AR","reopening_business",2020-05-04,"Reopening"
"Kansas","KS","reopening_business",2020-05-04,"Reopening"
"Missouri","MO","reopening_business",2020-05-04,"Reopening"
"Ohio","OH","reopening_business",2020-05-04,"Reopening"
"West Virginia","WV","reopening_business",2020-05-04,"Reopening"
"Kansas","KS","reopening_restaurants",2020-05-04,"Reopening"
"Missouri","MO","reopening_restaurants",2020-05-04,"Reopening"
"Montana","MT","reopening_restaurants",2020-05-04,"Reopening"
"South Carolina","SC","reopening_restaurants",2020-05-04,"Reopening"
"West Virginia","WV","reopening_restaurants",2020-05-04,"Reopening"
"Arkansas","AR","reopening_gyms",2020-05-04,"Reopening"
"Missouri","MO","reopening_gyms",2020-05-04,"Reopening"
"Missouri","MO","reopening_movietheaters",2020-05-04,"Reopening"
"Missouri","MO","reopening_hairsalons",2020-05-04,"Reopening"
"West Virginia","WV","reopening_hairsalons",2020-05-04,"Reopening"
"Kansas","KS","reopening_neretail",2020-05-04,"Reopening"
"Missouri","MO","reopening_neretail",2020-05-04,"Reopening"
"Missouri","MO","reopening_bars",2020-05-04,"Reopening"
"Montana","MT","reopening_bars",2020-05-04,"Reopening"
"South Carolina","SC","reopening_bars",2020-05-04,"Reopening"
"Montana","MT","reopening_casinos",2020-05-04,"Reopening"
"Arkansas","AR","reopening_hairsalons",2020-05-06,"Reopening"
"Tennessee","TN","reopening_hairsalons",2020-05-06,"Reopening"
"Hawaii","HI","reopening_business",2020-05-07,"Reopening"
"Mississippi","MS","reopening_restaurants",2020-05-07,"Reopening"
"Hawaii","HI","reopening_neretail",2020-05-07,"Reopening"
"Arizona","AZ","reopening_business",2020-05-08,"Reopening"
"California","CA","reopening_business",2020-05-08,"Reopening"
"Delaware","DE","reopening_business",2020-05-08,"Reopening"
"North Carolina","NC","reopening_business",2020-05-08,"Reopening"
"Alaska","AK","reopening_gyms",2020-05-08,"Reopening"
"Alaska","AK","reopening_movietheaters",2020-05-08,"Reopening"
"Arizona","AZ","reopening_hairsalons",2020-05-08,"Reopening"
"Texas","TX","reopening_hairsalons",2020-05-08,"Reopening"
"Arizona","AZ","reopening_neretail",2020-05-08,"Reopening"
"California","CA","reopening_neretail",2020-05-08,"Reopening"
"North Carolina","NC","reopening_neretail",2020-05-08,"Reopening"
"Alaska","AK","reopening_bars",2020-05-08,"Reopening"
"Nevada","NV","reopening_business",2020-05-09,"Reopening"
"Rhode Island","RI","reopening_business",2020-05-09,"Reopening"
"Nevada","NV","reopening_restaurants",2020-05-09,"Reopening"
"Nevada","NV","reopening_hairsalons",2020-05-09,"Reopening"
"Nevada","NV","reopening_neretail",2020-05-09,"Reopening"
"Rhode Island","RI","reopening_neretail",2020-05-09,"Reopening"
"Kentucky","KY","reopening_business",2020-05-11,"Reopening"
"New Hampshire","NH","reopening_business",2020-05-11,"Reopening"
"Wisconsin","WI","reopening_business",2020-05-11,"Reopening"
"Alabama","AL","reopening_restaurants",2020-05-11,"Reopening"
"Arizona","AZ","reopening_restaurants",2020-05-11,"Reopening"
"Arkansas","AR","reopening_restaurants",2020-05-11,"Reopening"
"Alabama","AL","reopening_gyms",2020-05-11,"Reopening"
"Mississippi","MS","reopening_gyms",2020-05-11,"Reopening"
"Alabama","AL","reopening_hairsalons",2020-05-11,"Reopening"
"Florida","FL","reopening_hairsalons",2020-05-11,"Reopening"
"Mississippi","MS","reopening_hairsalons",2020-05-11,"Reopening"
"New Hampshire","NH","reopening_hairsalons",2020-05-11,"Reopening"
"New Hampshire","NH","reopening_neretail",2020-05-11,"Reopening"
"Wisconsin","WI","reopening_neretail",2020-05-11,"Reopening"
"Alabama","AL","reopening_bars",2020-05-11,"Reopening"
"Ohio","OH","reopening_neretail",2020-05-12,"Reopening"
"Wisconsin","WI","reopening_restaurants",2020-05-13,"Reopening"
"Arizona","AZ","reopening_gyms",2020-05-13,"Reopening"
"Wisconsin","WI","reopening_gyms",2020-05-13,"Reopening"
"Wisconsin","WI","reopening_movietheaters",2020-05-13,"Reopening"
"Wisconsin","WI","reopening_hairsalons",2020-05-13,"Reopening"
"Wisconsin","WI","reopening_bars",2020-05-13,"Reopening"
"Iowa","IA","reopening_business",2020-05-15,"Reopening"
"Maryland","MD","reopening_business",2020-05-15,"Reopening"
"Oregon","OR","reopening_business",2020-05-15,"Reopening"
"Iowa","IA","reopening_restaurants",2020-05-15,"Reopening"
"Ohio","OH","reopening_restaurants",2020-05-15,"Reopening"
"Wyoming","WY","reopening_restaurants",2020-05-15,"Reopening"
"Iowa","IA","reopening_gyms",2020-05-15,"Reopening"
"Louisiana","LA","reopening_gyms",2020-05-15,"Reopening"
"Montana","MT","reopening_gyms",2020-05-15,"Reopening"
"Louisiana","LA","reopening_movietheaters",2020-05-15,"Reopening"
"Montana","MT","reopening_movietheaters",2020-05-15,"Reopening"
"Wyoming","WY","reopening_movietheaters",2020-05-15,"Reopening"
"Iowa","IA","reopening_hairsalons",2020-05-15,"Reopening"
"Louisiana","LA","reopening_hairsalons",2020-05-15,"Reopening"
"Maryland","MD","reopening_hairsalons",2020-05-15,"Reopening"
"Ohio","OH","reopening_hairsalons",2020-05-15,"Reopening"
"Iowa","IA","reopening_neretail",2020-05-15,"Reopening"
"Louisiana","LA","reopening_neretail",2020-05-15,"Reopening"
"Maryland","MD","reopening_neretail",2020-05-15,"Reopening"
"Oregon","OR","reopening_neretail",2020-05-15,"Reopening"
"Wyoming","WY","reopening_neretail",2020-05-15,"Reopening"
"Ohio","OH","reopening_bars",2020-05-15,"Reopening"
"Oklahoma","OK","reopening_bars",2020-05-15,"Reopening"
"Wyoming","WY","reopening_bars",2020-05-15,"Reopening"
"New Mexico","NM","reopening_business",2020-05-16,"Reopening"
"Idaho","ID","reopening_restaurants",2020-05-16,"Reopening"
"Idaho","ID","reopening_gyms",2020-05-16,"Reopening"
"Arizona","AZ","reopening_movietheaters",2020-05-16,"Reopening"
"Idaho","ID","reopening_hairsalons",2020-05-16,"Reopening"
"New Mexico","NM","reopening_neretail",2020-05-16,"Reopening"
"Arizona","AZ","reopening_bars",2020-05-16,"Reopening"
"Florida","FL","reopening_business",2020-05-18,"Reopening"
"Indiana","IN","reopening_business",2020-05-18,"Reopening"
"Massachusetts","MA","reopening_business",2020-05-18,"Reopening"
"New Jersey","NJ","reopening_business",2020-05-18,"Reopening"
"California","CA","reopening_restaurants",2020-05-18,"Reopening"
"Florida","FL","reopening_restaurants",2020-05-18,"Reopening"
"Indiana","IN","reopening_restaurants",2020-05-18,"Reopening"
"New Hampshire","NH","reopening_restaurants",2020-05-18,"Reopening"
"Rhode Island","RI","reopening_restaurants",2020-05-18,"Reopening"
"Florida","FL","reopening_gyms",2020-05-18,"Reopening"
"Kansas","KS","reopening_gyms",2020-05-18,"Reopening"
"South Carolina","SC","reopening_gyms",2020-05-18,"Reopening"
"Texas","TX","reopening_gyms",2020-05-18,"Reopening"
"West Virginia","WV","reopening_gyms",2020-05-18,"Reopening"
"Arkansas","AR","reopening_movietheaters",2020-05-18,"Reopening"
"Indiana","IN","reopening_hairsalons",2020-05-18,"Reopening"
"Kansas","KS","reopening_hairsalons",2020-05-18,"Reopening"
"South Carolina","SC","reopening_hairsalons",2020-05-18,"Reopening"
"Arkansas","AR","reopening_neretail",2020-05-18,"Reopening"
"Florida","FL","reopening_neretail",2020-05-18,"Reopening"
"Indiana","IN","reopening_neretail",2020-05-18,"Reopening"
"Minnesota","MN","reopening_neretail",2020-05-18,"Reopening"
"Arkansas","AR","reopening_casinos",2020-05-18,"Reopening"
"Louisiana","LA","reopening_casinos",2020-05-18,"Reopening"
"Arkansas","AR","reopening_bars",2020-05-19,"Reopening"
"Connecticut","CT","reopening_business",2020-05-20,"Reopening"
"Connecticut","CT","reopening_restaurants",2020-05-20,"Reopening"
"Connecticut","CT","reopening_neretail",2020-05-20,"Reopening"
"Delaware","DE","reopening_neretail",2020-05-20,"Reopening"
"Kentucky","KY","reopening_neretail",2020-05-20,"Reopening"
"West Virginia","WV","reopening_neretail",2020-05-21,"Reopening"
"Mississippi","MS","reopening_casinos",2020-05-21,"Reopening"
"Kentucky","KY","reopening_restaurants",2020-05-22,"Reopening"
"North Carolina","NC","reopening_restaurants",2020-05-22,"Reopening"
"Vermont","VT","reopening_restaurants",2020-05-22,"Reopening"
"Ohio","OH","reopening_gyms",2020-05-22,"Reopening"
"Alabama","AL","reopening_movietheaters",2020-05-22,"Reopening"
"Iowa","IA","reopening_movietheaters",2020-05-22,"Reopening"
"Kansas","KS","reopening_movietheaters",2020-05-22,"Reopening"
"Tennessee","TN","reopening_movietheaters",2020-05-22,"Reopening"
"North Carolina","NC","reopening_hairsalons",2020-05-22,"Reopening"
"Tennessee","TN","reopening_bars",2020-05-22,"Reopening"
"Vermont","VT","reopening_bars",2020-05-22,"Reopening"
"Alabama","AL","reopening_casinos",2020-05-22,"Reopening"
"Kansas","KS","reopening_casinos",2020-05-22,"Reopening"
"South Carolina","SC","reopening_casinos",2020-05-22,"Reopening"
"Kentucky","KY","reopening_hairsalons",2020-05-25,"Reopening"
"Massachusetts","MA","reopening_hairsalons",2020-05-25,"Reopening"
"Michigan","MI","reopening_business",2020-05-26,"Reopening"
"West Virginia","WV","reopening_bars",2020-05-26,"Reopening"
"Colorado","CO","reopening_restaurants",2020-05-27,"Reopening"
"New Mexico","NM","reopening_restaurants",2020-05-27,"Reopening"
"Iowa","IA","reopening_bars",2020-05-28,"Reopening"
"District of Columbia","DC","reopening_business",2020-05-29,"Reopening"
"Illinois","IL","reopening_business",2020-05-29,"Reopening"
"Virginia","VA","reopening_business",2020-05-29,"Reopening"
"District of Columbia","DC","reopening_restaurants",2020-05-29,"Reopening"
"Illinois","IL","reopening_restaurants",2020-05-29,"Reopening"
"Maryland","MD","reopening_restaurants",2020-05-29,"Reopening"
"Virginia","VA","reopening_restaurants",2020-05-29,"Reopening"
"Illinois","IL","reopening_gyms",2020-05-29,"Reopening"
"Nevada","NV","reopening_gyms",2020-05-29,"Reopening"
"Nevada","NV","reopening_movietheaters",2020-05-29,"Reopening"
"District of Columbia","DC","reopening_hairsalons",2020-05-29,"Reopening"
"Hawaii","HI","reopening_hairsalons",2020-05-29,"Reopening"
"Illinois","IL","reopening_hairsalons",2020-05-29,"Reopening"
"Vermont","VT","reopening_hairsalons",2020-05-29,"Reopening"
"Virginia","VA","reopening_hairsalons",2020-05-29,"Reopening"
"Illinois","IL","reopening_neretail",2020-05-29,"Reopening"
"Virginia","VA","reopening_neretail",2020-05-29,"Reopening"
"District of Columbia","DC","reopening_bars",2020-05-29,"Reopening"
"Nevada","NV","reopening_bars",2020-05-29,"Reopening"
"Texas","TX","reopening_bars",2020-05-29,"Reopening"
"Virginia","VA","reopening_bars",2020-05-29,"Reopening"
"Idaho","ID","reopening_movietheaters",2020-05-30,"Reopening"
"Idaho","ID","reopening_bars",2020-05-30,"Reopening"
"Nebraska","NE","reopening_business",2020-06-01,"Reopening"
"Washington","WA","reopening_business",2020-06-01,"Reopening"
"Delaware","DE","reopening_restaurants",2020-06-01,"Reopening"
"Maine","ME","reopening_restaurants",2020-06-01,"Reopening"
"Minnesota","MN","reopening_restaurants",2020-06-01,"Reopening"
"Nebraska","NE","reopening_restaurants",2020-06-01,"Reopening"
"Delaware","DE","reopening_gyms",2020-06-01,"Reopening"
"Indiana","IN","reopening_gyms",2020-06-01,"Reopening"
"Kentucky","KY","reopening_gyms",2020-06-01,"Reopening"
"Nebraska","NE","reopening_gyms",2020-06-01,"Reopening"
"New Mexico","NM","reopening_gyms",2020-06-01,"Reopening"
"Rhode Island","RI","reopening_gyms",2020-06-01,"Reopening"
"Vermont","VT","reopening_gyms",2020-06-01,"Reopening"
"Delaware","DE","reopening_movietheaters",2020-06-01,"Reopening"
"Kentucky","KY","reopening_movietheaters",2020-06-01,"Reopening"
"Mississippi","MS","reopening_movietheaters",2020-06-01,"Reopening"
"Vermont","VT","reopening_movietheaters",2020-06-01,"Reopening"
"Connecticut","CT","reopening_hairsalons",2020-06-01,"Reopening"
"Minnesota","MN","reopening_hairsalons",2020-06-01,"Reopening"
"Nebraska","NE","reopening_hairsalons",2020-06-01,"Reopening"
"New Mexico","NM","reopening_hairsalons",2020-06-01,"Reopening"
"Rhode Island","RI","reopening_hairsalons",2020-06-01,"Reopening"
"Maine","ME","reopening_neretail",2020-06-01,"Reopening"
"Georgia","GA","reopening_bars",2020-06-01,"Reopening"
"Mississippi","MS","reopening_bars",2020-06-01,"Reopening"
"Rhode Island","RI","reopening_bars",2020-06-01,"Reopening"
"Delaware","DE","reopening_casinos",2020-06-01,"Reopening"
"Iowa","IA","reopening_casinos",2020-06-01,"Reopening"
"Missouri","MO","reopening_casinos",2020-06-01,"Reopening"
"Colorado","CO","reopening_gyms",2020-06-04,"Reopening"
"Michigan","MI","reopening_neretail",2020-06-04,"Reopening"
"Nevada","NV","reopening_casinos",2020-06-04,"Reopening"
"Pennsylvania","PA","reopening_business",2020-06-05,"Reopening"
"Hawaii","HI","reopening_restaurants",2020-06-05,"Reopening"
"Pennsylvania","PA","reopening_restaurants",2020-06-05,"Reopening"
"Florida","FL","reopening_movietheaters",2020-06-05,"Reopening"
"West Virginia","WV","reopening_movietheaters",2020-06-05,"Reopening"
"Pennsylvania","PA","reopening_neretail",2020-06-05,"Reopening"
"Florida","FL","reopening_bars",2020-06-05,"Reopening"
"Louisiana","LA","reopening_bars",2020-06-05,"Reopening"
"Pennsylvania","PA","reopening_bars",2020-06-05,"Reopening"
"West Virginia","WV","reopening_casinos",2020-06-05,"Reopening"
"New York","NY","reopening_business",2020-06-08,"Reopening"
"Massachusetts","MA","reopening_restaurants",2020-06-08,"Reopening"
"Michigan","MI","reopening_restaurants",2020-06-08,"Reopening"
"Delaware","DE","reopening_hairsalons",2020-06-08,"Reopening"
"Massachusetts","MA","reopening_neretail",2020-06-08,"Reopening"
"New York","NY","reopening_neretail",2020-06-08,"Reopening"
"Kansas","KS","reopening_bars",2020-06-08,"Reopening"
"Michigan","MI","reopening_bars",2020-06-08,"Reopening"
"Rhode Island","RI","reopening_casinos",2020-06-08,"Reopening"
"Pennsylvania","PA","reopening_casinos",2020-06-09,"Reopening"
"Minnesota","MN","reopening_gyms",2020-06-10,"Reopening"
"Minnesota","MN","reopening_movietheaters",2020-06-10,"Reopening"
"Ohio","OH","reopening_movietheaters",2020-06-10,"Reopening"
"Minnesota","MN","reopening_bars",2020-06-10,"Reopening"
"Virginia","VA","reopening_gyms",2020-06-12,"Reopening"
"Indiana","IN","reopening_movietheaters",2020-06-12,"Reopening"
"Indiana","IN","reopening_bars",2020-06-12,"Reopening"
"Maryland","MD","reopening_bars",2020-06-12,"Reopening"
"New Jersey","NJ","reopening_restaurants",2020-06-15,"Reopening"
"New Hampshire","NH","reopening_gyms",2020-06-15,"Reopening"
"Michigan","MI","reopening_hairsalons",2020-06-15,"Reopening"
"New Jersey","NJ","reopening_neretail",2020-06-15,"Reopening"
"Delaware","DE","reopening_bars",2020-06-15,"Reopening"
"New Hampshire","NH","reopening_bars",2020-06-15,"Reopening"
"New Jersey","NJ","reopening_bars",2020-06-15,"Reopening"
"Indiana","IN","reopening_casinos",2020-06-15,"Reopening"
"Connecticut","CT","reopening_gyms",2020-06-17,"Reopening"
"Maine","ME","reopening_gyms",2020-06-17,"Reopening"
"Connecticut","CT","reopening_movietheaters",2020-06-17,"Reopening"
"Maine","ME","reopening_hairsalons",2020-06-17,"Reopening"
"Colorado","CO","reopening_movietheaters",2020-06-18,"Reopening"
"Colorado","CO","reopening_bars",2020-06-18,"Reopening"
"Oregon","OR","reopening_restaurants",2020-06-19,"Reopening"
"Hawaii","HI","reopening_gyms",2020-06-19,"Reopening"
"Maryland","MD","reopening_gyms",2020-06-19,"Reopening"
"Oregon","OR","reopening_gyms",2020-06-19,"Reopening"
"Hawaii","HI","reopening_movietheaters",2020-06-19,"Reopening"
"Oregon","OR","reopening_hairsalons",2020-06-19,"Reopening"
"Oregon","OR","reopening_bars",2020-06-19,"Reopening"
"Maryland","MD","reopening_casinos",2020-06-19,"Reopening"
"New York","NY","reopening_restaurants",2020-06-22,"Reopening"
"District of Columbia","DC","reopening_gyms",2020-06-22,"Reopening"
"District of Columbia","DC","reopening_movietheaters",2020-06-22,"Reopening"
"Nebraska","NE","reopening_movietheaters",2020-06-22,"Reopening"
"New Jersey","NJ","reopening_hairsalons",2020-06-22,"Reopening"
"New York","NY","reopening_hairsalons",2020-06-22,"Reopening"
"District of Columbia","DC","reopening_neretail",2020-06-22,"Reopening"
"Nebraska","NE","reopening_neretail",2020-06-22,"Reopening"
"Nebraska","NE","reopening_bars",2020-06-22,"Reopening"
"Illinois","IL","reopening_movietheaters",2020-06-26,"Reopening"
"Hawaii","HI","reopening_bars",2020-06-26,"Reopening"
"Illinois","IL","reopening_bars",2020-06-26,"Reopening"
"New Jersey","NJ","reopening_casinos",2020-06-26,"Reopening"
"New Hampshire","NH","reopening_movietheaters",2020-06-29,"Reopening"
"Kentucky","KY","reopening_bars",2020-06-29,"Reopening"
"Rhode Island","RI","reopening_movietheaters",2020-06-30,"Reopening"
"Maine","ME","reopening_movietheaters",2020-07-01,"Reopening"
"Virginia","VA","reopening_movietheaters",2020-07-01,"Reopening"
"Illinois","IL","reopening_casinos",2020-07-01,"Reopening"
"Washington","WA","reopening_restaurants",2020-07-03,"Reopening"
"Pennsylvania","PA","reopening_gyms",2020-07-03,"Reopening"
"Pennsylvania","PA","reopening_movietheaters",2020-07-03,"Reopening"
"Pennsylvania","PA","reopening_hairsalons",2020-07-03,"Reopening"
"Washington","WA","reopening_hairsalons",2020-07-03,"Reopening"
"Washington","WA","reopening_neretail",2020-07-03,"Reopening"
"Washington","WA","reopening_bars",2020-07-03,"Reopening"
"Massachusetts","MA","reopening_casinos",2020-07-06,"Reopening"
"Massachusetts","MA","reopening_gyms",2020-07-13,"Reopening"
"Massachusetts","MA","reopening_movietheaters",2020-07-13,"Reopening"
"South Carolina","SC","reopening_movietheaters",2020-08-03,"Reopening"
"Michigan","MI","reopening_casinos",2020-08-05,"Reopening"
"Colorado","CO","reopening_casinos",2020-08-24,"Reopening"
"Washington","WA","reopening_gyms",2020-08-27,"Reopening"
"California","CA","reopening_hairsalons",2020-08-28,"Reopening"
"New Jersey","NJ","reopening_gyms",2020-09-01,"Reopening"
"Maryland","MD","reopening_movietheaters",2020-09-01,"Reopening"
"New York","NY","reopening_gyms",2020-09-02,"Reopening"
"North Carolina","NC","reopening_gyms",2020-09-04,"Reopening"
"New Jersey","NJ","reopening_movietheaters",2020-09-04,"Reopening"
"Michigan","MI","reopening_gyms",2020-09-09,"Reopening"
"New York","NY","reopening_casinos",2020-09-09,"Reopening"
"North Carolina","NC","reopening_movietheaters",2020-10-02,"Reopening"
"Michigan","MI","reopening_movietheaters",2020-10-09,"Reopening"
